ID,Title,Text,Vector
1,Invention of Neural Networks,The concept of neural networks was first introduced in the 1940s by Warren McCulloch and Walter Pitts.,
2,Deep Learning Revolution,"Deep learning gained prominence in the 2010s due to advances in hardware and large datasets, enabling breakthroughs in AI.",
3,First AI Chatbot,"ELIZA, developed in the 1960s by Joseph Weizenbaum, was one of the first chatbots simulating human conversation.",
4,Turing Test,"Proposed by Alan Turing in 1950, the Turing Test evaluates whether a machine can exhibit human-like intelligence.",
5,AI Defeats Humans in Chess,"IBM's Deep Blue defeated world chess champion Garry Kasparov in 1997, marking a milestone in AI development.",
6,AI in Healthcare,"AI is used for diagnosing diseases, drug discovery, and personalized medicine, improving healthcare efficiency and accuracy.",
7,Reinforcement Learning,Reinforcement learning is an AI training method where agents learn by interacting with environments to maximize rewards.,
8,First Self-Driving Car,"In 2005, Stanley, a self-driving car developed by Stanford, won the DARPA Grand Challenge, proving AI's potential in autonomous driving.",
9,Generative Adversarial Networks (GANs),"GANs, introduced by Ian Goodfellow in 2014, enable AI to generate realistic images, videos, and audio.",
10,AI in Space Exploration,"NASA uses AI for mission planning, autonomous navigation, and analyzing vast amounts of astronomical data.",
11,AI in Finance,"Financial institutions use AI for fraud detection, algorithmic trading, and risk management.",
12,AI Ethics,"AI ethics focus on bias, fairness, transparency, and the impact of AI on society.",
13,First AI to Write a Novel,"In 2016, an AI co-authored a novel that passed the first round of a Japanese literary competition.",
14,AI in Robotics,"AI-powered robots are used in manufacturing, healthcare, and even customer service.",
15,Transformer Models,"Introduced by Vaswani et al. in 2017, Transformer models revolutionized NLP tasks such as translation and text generation.",
16,GPT-3,"Released in 2020 by OpenAI, GPT-3 is one of the largest language models, capable of generating human-like text.",
17,AI-Powered Drug Discovery,AI accelerates drug discovery by predicting molecular interactions and optimizing chemical compounds.,
18,Facial Recognition,"AI-powered facial recognition is used in security, authentication, and social media applications.",
19,AI in Agriculture,"AI helps in crop monitoring, pest detection, and precision farming to improve agricultural productivity.",
20,Neural Style Transfer,"AI can transform images by applying artistic styles, as demonstrated by DeepArt and Google's DeepDream.",
21,AI in Cybersecurity,AI is used to detect and prevent cyber threats by analyzing patterns in network traffic.,
22,Bias in AI,"AI models can inherit biases from training data, leading to fairness and ethical concerns.",
23,AI and Creativity,"AI has been used to generate music, paintings, and even poetry.",
24,AI in Education,AI-powered tutoring systems provide personalized learning experiences for students.,
25,Quantum AI,Quantum computing is expected to enhance AI capabilities by solving complex problems faster.,
26,AI in Virtual Assistants,"AI-powered virtual assistants like Siri, Alexa, and Google Assistant use NLP to interact with users.",
27,Self-Learning AI,"AI systems like AlphaZero learn by playing against themselves, achieving superhuman performance.",
28,AI in Gaming,AI enhances gaming experiences through adaptive NPCs and procedural content generation.,
29,AI and Autonomous Weapons,Concerns exist about AI-powered autonomous weapons and their ethical implications.,
30,Explainable AI,Explainable AI (XAI) aims to make AI decisions more transparent and interpretable.,
31,AI in Translation,AI-driven translation tools like Google Translate have significantly improved over the years.,
32,AI in Predictive Analytics,Businesses use AI to analyze trends and predict future market behaviors.,
33,AI in Social Media,"Social media platforms use AI for content moderation, recommendations, and detecting fake news.",
34,AI in Smart Cities,"AI optimizes traffic management, energy consumption, and public safety in smart cities.",
35,AI in Weather Forecasting,AI models improve weather predictions by analyzing large climate datasets.,
36,AI in Autonomous Drones,AI enables drones to navigate autonomously for tasks like surveillance and delivery.,
37,AI in Music Generation,AI models like OpenAI's Jukebox generate music in different genres and styles.,
38,AI in Legal Tech,"AI assists in contract analysis, legal research, and case prediction in the legal industry.",
39,AI in Retail,"Retailers use AI for personalized recommendations, inventory management, and customer service.",
40,AI in Language Processing,"NLP models power chatbots, sentiment analysis, and machine translation.",
41,AI in Mental Health,AI-driven chatbots and analysis tools support mental health monitoring and therapy.,
42,AI in Art Restoration,AI is used to reconstruct and restore damaged artworks with high accuracy.,
43,AI in Supply Chain Management,"AI optimizes logistics, demand forecasting, and warehouse management.",
44,AI in Personalized Advertising,AI analyzes user behavior to deliver targeted advertisements.,
45,AI in Fraud Detection,Banks and online platforms use AI to detect and prevent fraudulent activities.,
46,AI in Biomedical Imaging,AI assists in analyzing medical scans for disease detection and diagnosis.,
47,AI in Journalism,AI-generated news articles and summaries assist journalists in reporting.,
48,AI for Environmental Protection,"AI is used for climate modeling, wildlife conservation, and pollution monitoring.",
49,AI in Autonomous Robotics,"AI-powered robots are being developed for exploration, industry, and even household tasks.",
50,Specific quote from an expert called John,"John said that he believes AI will revolutionize the way we live and work.",
